dept_id,dept_name,room_number,building_number,chair_id,email,phone_number,dept_assistant
COM,Computer Science And Mathematics,AB-2024,AB,125147,computerscienceandmathematics@northbridge.edu,(516) 867-4881,
PHY,Physics,AB-0021,AB,123222,physics@northbridge.edu,(516) 867-4875,
CHE,Chemistry,AB-2016,AB,124731,chemistry@northbridge.edu,(516) 867-4387,
BIO,Biology,AB-2025,AB,124769,biology@northbridge.edu,(516) 867-4545,
ENG,Engineering,AB-2012,AB,124744,engineering@northbridge.edu,(516) 867-4694,
ENGL,English,Lib-1106,Lib,123895,english@northbridge.edu,(516) 867-4902,
HIS,History,Lib-1107,Lib,123366,history@northbridge.edu,(516) 867-4495,
ECO,Economics,AB-2022,AB,123695,economics@northbridge.edu,(516) 867-4284,
PHI,Philosophy,Lib-2108,Lib,124739,philosophy@northbridge.edu,(516) 867-4803,
